春,/n/ spring,chūn
風,"/n/ wind, breeze, draught",fēng
花,"/n/ flower, blossom",huā
林,"/n/ wood, forest, grove, trees",lín
木,/n/ tree,mù
鳥,/n/ bird,niǎo
秋,/n/ autumn,qiū
日,"/n/ sun, sunlight, day",rì
山,"/n/ mountain, hill",shān
聲,"/n/ sound, voice",shēng
水,"/n/ water, river",shuǐ
夜,/n/ night,yè
雨,/n/ rain,yǔ
月,"/n/ moon, moonlight, month",yuè
竹,/n/ bamboo,zhú
白,/v/ be white,bái
長,/v/ be long (in space or time),cháng
此,"/d/ this, these; this kind of; /n/ this thing; this place, here",cǐ
大,/v/ be big,dà
高,"/v/ be high, tall; have high social, political or moral status",gāo
谷,/n/ valley,gǔ
寒,"/v/ be cold, chilly; vulnerable",hán
空,"/v/ be empty; hollow; deserted (no people present); /a/ in vain, uselessly",kōng
明,"/v/ be bright, shining; clearly visible; clear-sighted; intelligent",míng
青,"/v/ be blue or green (sometimes black, livid or pale)",qīng
人,"/n/ person, people, human being; others (not self); someone, anyone",rén
色,/n/ colour; facial expression of mood,sè
深,/v/ be deep,shēn
苔,/n/ moss,tái
天,/n/ sky; Heaven; Providence; Nature (Excluding the human race!),tiān
小,/v/ be small,xiǎo
一,/q/ one; a single; whole,yī
幽,"/v/ be secluded, cut off from the world, hidden, quiet",yōu
不,/a/ not,bù
出,"/v/ emerge, go out, come out, rise (of sun or moon), produce, emit",chū
多,"/v/ be much; be many; have many, /a/ mostly",duō
歸,"/v/ return, return to; go home, come home",guī
見,/v/ see,jiàn
來,/v/ come; come to; bring,lái
流,"/v/ flow, drift, float; wander; shed (tears or blood)",liú
落,/v/ fall (e.g. of leaves); set (of sun or moon); settle (of bird),luò
去,"/v/ go away, leave; go",qù
入,"/v/ enter, go in, come in; set (of sun or moon)",rù
少,"/v/ be little (small amount); few; have few, be short of; /a/ rarely",shǎo
未,"/a/ not yet, never yet",wèi
聞,/v/ hear,wén
葉,/n/ leaf,yè
已,/a/ already,yǐ
雲,/n/ cloud,yún
照,"/v/ shine; shine on, illuminate",zhào
初,/a/ for the first time; only now (belatedly),chū
但,"/a/ only, just",dàn
獨,/a/ alone,dú
返,"/v/ turn back; return, return to",fǎn
復,/a/ again; also,fù
何,/a/ why? where? how? or what?,hé
覺,"/v/ be/become aware of/that, realize that",jué
思,"/v/ think of longingly, miss (one’s home or absent beloved)",sī
啼,/v/ sing (of birds); cry (of crows or gibbons),tí
相,"/a/ one another; me, you, him, her etc as object of verb",xiāng
響,/n/ echo; sound,xiǎng
曉,/n/ dawn; daybreak,xiǎo
嘯,"/v/ whistle; howl, roar",xiào
亦,"/a/ also, and",yī
影,/n/ shadow; dark image; bright image; reflection,yǐng
邊,"/n/ side, edge; /p/ beside; at the edge of",biān
步,/v/ walk,bù
處,/n/ place,chù
此,/n/ here,cǐ
浮,"/v/ float, drift",fú
河,/n/ river,hé
後,/n/ rear; following period; /p/ behind; after,hòu
湖,/n/ lake,hú
篁,/n/ bamboo-grove,huáng
間,"/n/ interval, space between; /p/ between; among; in; at",jiān
江,/n/ river,jiāng
居,"/v/ live, dwell, stay",jū
客,"/n/ guest; stranger; an exile (someone in ‘exile’, i.e. serving far from home); exile (the state of being in exile)",kè
來,"/v/ come up to the present; /p/ in, during, for the last…",lái
裏,"/n/ lining, inside; /p/ in, inside",lǐ
眠,/v/ sleep,mián
前,"/n/ front, space in front; preceding period; /p/ in front of; before",qián
沙,/n/ sand,shā
上,"/n/ upper part, surface; space above; /p/ on; above",shàng
石,"/n/ stone, rock",shí
外,/n/ exterior; /p/ outside; beyond,wài
下,/n/ lower part; space below; /p/ under; below,xià
中,"/n/ middle, center; interior; space among; /p/ in, inside, among",zhōng
坐,/v/ sit,zuò
故,"/v/ be old, of long standing, original",gù
會,"/v/ meet, get together",huì
幾,/q/ how much? how many? a few,jǐ
今,/n/ today; now,jīn
久,/v/ be a long time; /a/ for a long time,jiǔ
君,/n/ gentleman; you (polite),jūn
能,"/v/ be able; be able to, can",néng
年,/n/ year,nián
豈,/a/ surely not? cannot possibly,qǐ
琴,/n/ lute,qín
時,/m/ time,shí
事,"/n/ matter, affair, activity, event",shì
誰,/n/ who?,shuí
所,/n/ place; (treated as /a/) the place where; that which; which,suǒ
彈,"/v/ pluck (strings fo musical instrument), play",tán
我,"/n/ I, me, my; we, us, our",wǒ
鄉,/n/ neighbourhood; village,xiāng
遊,"/v/ wander, rove; be away from home on service; tour",yóu
話,"/v/ speak; talk, converse",yǔ
者,"/n/ the person who, the one which",zhě
知,/v/ know; understand /v=A/ I wonder,zhī
昨,/n/ yesterday,zuó
吹,/v/ blow,chuī
到,"/v/ arrive at, reach; to",dào
渡,"/v/ cross, pass over (esp. water); across",dù
飛,/v/ fly; float in the air,fēi
孤,/v/ be lonely; orphaned,gū
海,/n/ sea,hǎi
徑,/n/ path,jìng
看,"/v/ look at, watch",kàn
上,"/v/ ascend, rise up",shàng
松,/n/ pine-tree,sōng
隨,"/v/ follow, go with",suí
童,/n/ boy,tóng
翁,/n/ old man,wēng
下,/v/ descend; set; settle; down,xià
行,"/v/ travel (of person, boat etc.); walk, go; row or sail (a boat)",xíng
雪,/n/ snow,xuě
在,"/v/ be at; at; be alive, be still in existence",zài
舟,/n/ boat,zhōu
子,"/n/ person (polite), gentleman; you, sir",zǐ
傍,/v/ be beside; /prep/ beside; along,bàng
悲,/v/ be sad; be sad that,bēi
別,"/v/ say goodbye, take one’s leave, leave",biè
採,"/v/ pluck, gather (fruit, flowers, mulberry leaves etc)",cǎi
釣,"/v/ fish with rod, angle",diào
敢,/v/ dare to,gǎn
恐,/v/ fear that,kǒng
臨,"/v/ look down over/on; stand above, stand on edge of; /prep/ above; on the point of, facing",lín
泣,/v/ weep,qì
師,"/n/ teacher, master",shī
宿,"/v/ spend the night, lodge, put up",sù
同,/v/ have the same …; be in/from the same …; /prep/ in the same,tóng
問,"/v/ ask (‘enquire’, not ‘ask for’)",wén
言,"/v/ speak, say; speech; language",yán
藥,"/n/ medicinal herbs, medicine",yào
依,/v/ rest on; /prep/ on,yī
應,"/v/ ought to, should, have a duty to; probably",yīng
欲,"wish to, want to; be about to; be almost",yù
蹤,"/n/ footprints, tracks",zōng
百,/q/ hundred,bǎi
層,"/m/ layer; storey; (as qualifier of noun) piled up in layers, extending one behind the other into the distance (of mountains or clouds)",céng
戴,/v/ wear on the head,dài
更,"/a/ further, more, in addition",gèng
黃,/v/ be yellow or brown,huáng
里,/m/ about one-third of a mile,lǐ
笠,/n/ wide bamboo hat (against sun or rain),lì
樓,"/n/ storeyed building, tower",lóu
目,/n/ eye,mù
披,/v/ wear draped around the shoulders,pī
千,/q/ thousand,qiān
情,"/n/ feelings, emotions",qíng
蓑,/n/ rush rain-cape,suō
萬,"/q/ ten thousand, myriad",wàn
無,/v/ there is/are not; not have; be without,wú
物,"/n/ thing, creature, person.",wù
有,/v/ there is/are; have,yǒu
只,/a/ only,zhǐ
岸,"/n/ river-bank, shore",àn
壁,/n/ wall; cliff,bì
腸,"/n/ bowels, intestines as seat of emotions (cf. English ‘bowels of mercy’)",cháng
燈,/n/ lamp,déng
頂,"/n/ top, summit",dǐng
斷,"/v/ sever,cut off; isolated, lone",duàn
光,/n/ light,guāng
胡,"/n/ Hú, a general term for peoples to the north and west of China (Altaic,Turkish, Tibetan etc.) with whom China contested her borders.",hú
盡,"/v/ use up, reach the end of; /n/ end, edge",jìn
酒,"/n/ wine, spirits",jiǔ
絕,"/v/ sever, cut off; blocking further progress, impassable",jué
力,"/n/ strength, effort",lì
路,/n/ road,lù
滅,/v/ extinguish; destroy,miè
窮,/v/ reach the end of; remote; poor,qióng
雁,"/n/ wild goose, esp. migrating",yàn
冥冥,"/v/ be hidden or obscured by darkness, mist, distance, mystery or secrecy; be dark, with no light benetrating",míng míng
杳杳,"/v/ be hidden or obscured by darkness, mist, distance, mystery or secrecy; be dark, with no light benetrating",yǎo yǎo
濛濛,"/v/ be misty, hazy, blurring, obscuring",méng méng
茫茫,"/v/ be vast, unbounded, obscured by distance",máng máng
蒼蒼,"/v/ misty, grey, bleak",cāng cāng
床,/n/ bed,chuáng
帶,"/v/ carry, bear",dài
低,/v/ be low,dī
地,"/n/ earth, ground",dì
對,"/v/ face towards; (noun-qualifier) facing, opposite",duì
菏,/v/ carry on back or shoulder,hè
還,/v/ return,huán
舉,"/v/ raise, lift",jǔ
暝,"/n/ darkness, night",mìng
起,/v/ rise; stand up,qǐ
是,/v/ be,shì
霜,/n/ hoarfrost,shuāng
寺,/n/ Buddhist temple (with monastery attached),sì
頭,/n/ head; /p/ end (extremity),tóu
晚,/v/ be late; /n/ evening,wǎn
望,/v/ gaze afar at; long for,wàng
溪,"/n/ stream, brook",xī
稀,"/v/ be few, sparse, rare",xī
斜,"/v/ slant, be oblique, be at an angle",xié
陽,"/n/ sunlight; the south (sunny) side of a hill or north side of a river; the yang (male, positive) principle; the sun.  The opposite of all these is 陰 yīn principle; the moon",yáng
衣,/n/ clothes,yī
疑,/v/ suspect; think (wrongly) that,yí
盈,/v/ fill,yíng
遠,/v/ be far; be long (of road or journey),yuǎn
鐘,/v/ (temple) bell,zhōng
醉,"/v/ be drunk; get drunk on, be enthralled by",zuì
半,"/q/ half; /p/ half-way through, middle",bàn
波,/n/ wave,bō
藏,/v/ hide,cáng
潮,/n/ tide,cháo
塵,/n/ dust,chén
沉,/v/ sink,chén
成,"/v/ become, form",chéng
乘,/v/ avail oneself of (here: /prep/ by the light of),chéng
愁,/n/ sadness,chóu
代,"/n/ generation; epoch, age; dynasty",dài
待,/v/ wait for,dài
擣,"/v/ pound in a mortar or on a block, esp. fulling clothes on a block",dǎo
甸,/n/ meadow,diàn
度,"/v/ cross, pass over",dù
芳,"/v/ be fragrant; /n/ fragrance, flower",fāng
楓,/n/ maple-tree,fēng
拂,"/v/ brush off, brush against",fú
共,/v/ be together with,gòng
鴻,"/n/ swan-goose, large wild goose",hóng
戶,"/n/ door, window",hù
華,"/n/ splendour, glory",huá
還,"/a/ still, yet, again",huán
家,"/n/ home, family",jiā
皎,/v/ be brilliant,jiǎo
皆,/a/ all,jiē
碣,/n/ ceremonial tablet,jié
鏡,/n/ mirror,jìng
卷,/v/ roll up,juǎn
可,"/a/ may, can, -able",kě
空,"/n/ the void, the air, the sky",kōng
離,"/v/ depart, leave, be away",lí
連,/v/ connect with,lián
憐,"/v/ have tender feelings for, be moved by; love; pity",lián
簾,"/n/ curtain, bamboo-slat blind",lián
龍,/n/ dragon (a water creature),lóng
輪,/n/ wheel,lún
滿,/v/ be full; fill,mǎn
夢,/n/ /v/ dream,mèng
畔,/n/ side,pàn
片,"/n/ piece, fragment",piàn
平,/v/ be level,píng
浦,/n/ river-bank,pǔ
潛,"/v/ dive, lurk out of sight under water",qián
遶,"/v/ go round, wind round",rào
生,"/v/ be born, emerge, come into being",shēng
勝,/v/ be able to bear,shèng
樹,/n/ tree,shù
似,"/v/ resemble, be like, be as if",sì
途,"/v/ see off, accompany departure of",sòng
臺,"/n/ table, stand",tài
潭,/n/ pool (deep part of river),tán
汀,"/n/ islet in river, ait",tīng
宛,/a/ winding,wǎn
轉,/v/ turning,zhuǎn
文,/n/ writing; ripples,wén
霧,"/n/ mist, fog",wù
西,/n/ west,xī
纖,/n/ speck of,xiān
閒,"/v/ be quiet, undisturbed",xián
霰,"/n/ frozen rain, sleet",xiàn
限,/n/ limit,xiàn
豔,"/v/ flood, come in a flood",yàn
搖,"/v/ shake, agitate, disturb",yáo
已,"/v/ finish, end",yǐ
魚,/n/ fish,yù
玉,/n/ jade; a woman’s,yù
願,/a/ wish; I wish I could,yuàn
躍,/v/ leap,yuè
砧,/n/ block for beating on,zhēn
祇,/a/ only,zhǐ
逐,"/v/ pursue, follow",zhú
妝,/n/ dressing-table,zhuāng
澄,"/v/ be limpid, clear",chéng
更,/n/ night-watch (5 watches of 2 hours each form 7 p.m. to 5 a.m.),gēng
耿,"/v/ be bright, brilliant",gěng
金,/n/ gold; bronze (older meaning); metal,jīn
況,/a/ moreover; situation,kuàng
乃,/v/ be; so; only; therefore,nǎi
況乃,"/a/ all the more since, especially when",kuàng nǎi
連,"/v/ connect, be connected",lián
漏,"/v/ drip; /n/ water-clock, clepsydra",lòu
露,/n/ dew,lù
凝,"/v/ condense, congeal, concentrate",níng
清,"/v/ be pure, clear",qīng
升,"/v/ rise, ascend",shēng
天河,/n/ the Milky Way,tiān hé
向,/a/ hitherto,xiàng
向來,"/a/ hitherto, all this time",xiàng lái
隱,"/v/ hide, be obscured",yǐn
映,"/v/ reflect, be reflected in",yìng
餘,"/v/ be left over, remnant, fading",yú
玉,"/n/ jade, jewel",yù
繩,/n/ rope,shéng
玉繩,/n/ ‘jewel-strings’ of stars forming constellations,yù shéng
元,"/a/ originally, all along",yuán
緣,/v/ climb; /prep/ along,yuán
驟,/v/ be sudden,zhòu
珠,/n/ pearl; bead (e.g. of Buddhist rosary),zhū
自,"/a/ by itself, with no help from outside, naturally",zì
杯,/n/ cup,bēi
曾,/a/ previously,céng
曾經,"/a/ previously, once in the past",céng jīng
嫦,/n/ lady who went to the moon,cháng
娥,"/a/ good, beautiful",é
嫦娥,/n/ Chang’e (lady who stole elixir of immortality and went to the moon,cháng é
從,/v/ from,cóng
丹,"/n/ cinnibar, vermillion",dān
當,"/v/ be in front of, in the presence of",dāng
得,"/v/ get, achieve; find",dé
發,"/v/ emit, shoot out",fā
歌,"/v/ sing; /n/ singing, song",gē
共,/a/ together,gòng
古,"/n/ antiquity, ancient times",gǔ
輝,/n/ radiance,huī
經,/a/ already,jīng
鄰,/n/ neighbour; /v/ be a neighbour,lín
綠,/v/ be green,lǜ
没,"/v/ drown, sink out of sight",mò
寧,/a/ how could?,nìng
攀,/v/ pull down (e.g. a branch),pān
棲,"/v/ roost (of birds), dwell (of people)",qī
卻,"/a/ nevertheless, though",què
闕,/n/ palace gateway,què
如,"/v/ be like; like, as",rú
若,"/v/ be like; like, as",ruò
停,"/v/ stop, pause",tíng
兔,"/n/ hare, rabbit",tù
唯,/a/ only,wéi
向,"/v/ face towards, towards",xiàng
宵,/n/ night,xiāo
煙,/n/ mist; smoke,yān
一,"/a/ once, just",yī
與,/v/ with; /c/ and,yǔ
之,"/n/ it, him, her them",zhī
樽,/n/ wine-kettle,zūn
伴,/n/ companion; /v/ have as companions,bàn
分,"/v/ to separate, part",fēn
各,"/a/ each, variously",gè
漢,/n/ R. Han,hàn
壺,"/n/ wine-kettle, ‘jug’",hú
歡,"/v/ joy, happiness",huān
及,"/v/ catch up with, make the most of",jí
旣,/a/ both … and (no ‘and’ here),jì
將,/c/ and,jiāng
交,"/v/ exchange, share",jiāo
交歡,/v/ to get along together as friends,jiāo huān
結,"/v/ contract, tie oneself to",jié
解,"/v/ understand; /a/ know how to, can",jiě
樂,"/n/ pleasure, enjoyment",lè
零,"/n/ zero, fragmentary",líng
亂,/v/ in disorder,luàn
零亂,"/v/ be in disorder, in confusion",líng luàn
邈,"/v/ be distant, far off",miǎo
徘,/a/ irresolute,pái
徊,/v/ to hesitate,huái
徘徊,/v/ walk up and down,pái huái
期,"/v/ make a date, fix a time",qī
親,"/v/ be intimate, close",qīn
三,/q/ three,sān
散,/v/ scatter,sán
身,/n/ body,shēn
徒,"/a/ in vain, uselessly",tú
舞,/v/ dance,wǔ
相親,/av/ be close to me; /n/ close friend,xiāng qīn
行,"/v/ do, engage in",xíng
醒,"/v/ be awake, sober",xǐng
須,"/a/ must, ought",xū
邀,/v/ invite,yāo
飲,/v/ drink,yǐn
永,"/a/ forever, eternally",yǒng
遊,/n/ friendship,yóu
雲漢,/n/ the milky way,yún hàn
暫,/a/ for now,zàn
酌,"/v/ pour /wine/, drink",zhuó
北,/p/ north,běi
草,/n/ grass,cǎo
蟲,/n/ insect,chóng
村,/n/ village,cūn
定,"/v/ be steady, fixed, settled",dìng
動,/v/ move,dòng
發,/v/ flourish (of vegetation),fā
扉,/n/ casement,fēi
共,/v/ share,gòng
桂,/n/ ‘cassia-tree’,guì
靜,"/v/ be quiet, peaceful, inactive",jìng
冷,/v/ be cold,lěng
列,"/n/ rank, row; /v/ set in a row",liè
麥,"/n/ wheat, barley",mài
綺,/n/ bright pattern (originally damask silk pattern),qǐ
蕎,/n/ buckwheat,qiáo
蕎麥,/n/ buckwheat,qiáo mài
切切,/v/ make a low agitated chirping (associated with autumn and sadness),qiè qiè
缺,/v/ be chipped (of plate); waning (of moon),quē
田,/n/ arable fields,tián
庭,/n/ courtyard,tíng
委,/v/ thrown down (on to),wěi
蓆,"/n/ over-mat, cover placed over 延 yán ‘under-mat’ as floor seat",xí
宿,/n/ constellation,xiù
懸,/v/ hang,xuán
鴉,"/n/ crow, rook",yā
野,/n/ far countryside,yě
依,"/v/ remain, be the same as ever, cling, not go away",yī
逾,/a/ even more,yú
園,/n/ garden,yuán
圓,"/v/ be round, full (of moon)",yuán
喬,/v/ be tall,qiáo
臂,/n/ arm,bì
變,/v/ change,biàn
安,/v/ be calm,ān
長安,"/n/ Chang’an, the Tang western capital, near Xi’an",cháng ān
窗,/n/ window,chuāng
窗戶,/n/ window,chuāng hù
淡,"/v/ be weak, faint (of colour); tinge",dàn
杜,"/n/ Pollia japonica, a fragrant plant",dù
兒,/n/ son,ér
兒女,"/n/ children, offspring",ér nǚ
鄜,"/n/ fū, district in Shaanxi",fū
鄜州,"/n/ present-day 富縣 (Fù xiàn), 140 miles north of Chaang’an on the R. Luò",fū zhōu
乾,/v/ be dry,gān
高臥,/v/ take one’s ease,gāo wò
閨,"/n/ women’s quarters, boudoir",guī
痕,/n/ traces; scars,hén
寢,/v/ to lie down,qǐn
還寢,/v/ go back to bed,huán qǐn
鬟,/n/ hair done up in a bun,huán
幌,"/n/ curtain, bamboo-slat blind",huǎng
幾,/a/ how many times,jǐ
佳,"/v/ be good, fine",jiā
佳期,/n/ happy reunion,jiā qī
竟,/n/ end; /v/ last until the end of,jìng
竟夕,/a2/ all night long,jìng xī
開,/v/ open,kāi
堪,"/a/ can, may",kān
苦,"kǔ /v/ be bitter, painful, hard to bear",kǔ
蘭,/n/ orchid,lán
淚,/n/ tears,lèi
美,"/v/ be beautiful, fine (here of character)",měi
南,/n/ south,nán
女,/n/ daughter,nǚ
其,/n/ it (padding-syllable),qí
起,"/v/ arise, come to the surface",qǐ
寢,/v/ sleep,qǐn
情,"/n/ emotion, esp. feelings of friendship and love",qíng
情人,"/n/ close friends, lovers, esp. when parted",qíng rén
苒苒,"/v/ be gradual, imperceptible",rǎn rǎn
濕,"/v/ be damp, wet",shī
是,/d/ this,shì
手,/n/ hand,shǒu
雙,"/q/ couple, pair",shuāng
涯,"/n/ border, horizon, shore",yá
天涯,"/n/ the edge of the sky, horizon, the ends of the earth",tiān yá
吐,"/v/ emit, come out",tǔ
微,"/v/ be slight, subtle",wēi
帷,/n/ curtain,wéi
臥,/v/ lie down,wò
夕,/n/ night,xī
香,"/v/ be fragrant, perfumed",xiāng
虛,/v/ be empty,xū
虛幌,/n/ window with blind up or curtain drawn aside,xū huǎng
崖,"/n/ edge, shore",yá
漾,/n/ ripple,yàng
演,/v/ to perform/play,yǎn
演漾,"/v/ ripple, dance",yǎn yàng
遙,"/v/ be distant, (of night) long; /a/ in the distance",yáo
倚,"/v/ lean against, lean on",yǐ
憶,/v/ remember,yì
吟,/v/ chant; /n/ song,yín
怨,/v/ grieve resentfully,yuàn
越,"/n/ Yuè, an ancient state on the coast south of the Yangtse",yuè
雲鬟,/n/ cloud-shaped coiffure,yún huán
贈,"/v/ make a present of, give respectfully",zèng
齋,"/n/ studio, study",zhāi
州,/n/ prefecture,zhōu
燭,/n/ candle,zhú
滋,/v/ increase,zī
碧,"/v/ be blue, green",bì
冰,/n/ ice,bīng
長河,/n/ Milky Way,cháng hé
打,"/v/ strike, chase",dǎ
打起,/v/ chase away upwards,dǎ qǐ
得,"/v/ be able to, manage to, have a chance to",dé
簟,/n/ mat (for sleeping on) ,diàn
兒,in 黃鳥兒 diminutive suffix,ér
二,/q/ two,èr
忿,"/v/ be angry, indignant",fèn
過,/v/ pass over,guò
悔,/v/ regret,huǐ
漸,/a/ gradually,jiàn
教,"/v/ let, allow, cause",jiào
驚,"/v/ startle, shock",jīng
遼,/v/ distant,liáo
遼西,"/n/ an ancient county near where the Great Wall meets the sea, on the north-east frontier with the Koreans and Khitans",liáo xī
靈,/v/ be magical; efficacious,líng
門,"/n/ door, gate",mén
莫,/a/ don’t,mò
難,"/v/ be difficult (to), cannot be …ed",nán
屏,/n/ screen,píng
屏風,/n/ screen,píng fēng
妾,/n/ concubine; I (Self-reference by a woman),qiè
輕,/v/ be light (not heavy),qīng
鵲,/n/ magpie (symbol of parted lovers being united),què
十,/q/ ten,shí
偷,/v/ steal,tōu
喜,/n/ joy,xǐ
心,"/n/ heart, mind",xīn
星,/n/ star,xīng
銀,/n/ silver,yín
雲母,/n/ mica,yún mǔ
朝,/n/ morning,zhāo
枝,"/n/ branch, twig",zhī
殘,"/v/ be left over, the last remaining",cán
城,"/n/ city, city wall",chén
春,"/v/ be bright with spring, show evidence of spring’s arrival",chūn
催,"/v/ stimulate, encourage",cuī
笛,/n/ flute,dí
調,/n/ tune,diào
關,/n/ gateway in the Great Wall,guān
候,"/n/ signs, symptoms",hòu
忽,/a/ suddenly,hū
懷,/v/ harbour thoughts of,huái
宦,/v/ be official,huàn
宦遊,/v/ travel on official business,huàn yóu
巾,"/n/ cloth, handkerchief",jīn
柳,/n/ willow,liǔ
羅,/n/ silk gauze,luó
洛,/n/ River Luo,luò
洛城,"/n/ ‘Luo City’, i.e. Luoyang, the Tang eastern capital",luò chéng
梅,"/n/ prunus, ornamental plum (flowers the earliest, even in snow)",méi
偏,"/a/ particularly, unlike others",piān
蘋,/n/ a white-flowered water-weed,pín
氣,"/n/ air, breath",qì
羌,"/n/ a nation to the west of china, probably Tibetans",qiāng
秦,"/n/ present-day Shaanxi, the area of Chang’an, the Tang western capital",qín
晴,"/v/ be fine, unclouded (of sky)",qíng
仞,"/m/ fathom (about 2 metres, mainly used for heights of mountains)",rèn
桑,/n/ mulberry-tree,sāng
識,"/v/ know, be acquainted with",shì
淑,"/v/ be mild, gentle",shú
曙,/n/ dawn; /v/ be bright with dawn-light,shù
絲,"/n/ silk, silk threads",sī
幃,/n/ curtain,wéi
物,"/n/ thing, object, matter",wù
物候,/n/ Nature’s signs of the change of seasons,wù hòu
細,"/v/ be slender, thin, slight",xì
霞,/n/ coloured clouds of mists at sunrise or sunset,xiá
新,/v/ be new,xīn
燕,/n/ the region around present-day Peking,yān
楊,/n/ poplar,yáng
楊柳,"/n/ ‘poplars and willows’, willows in general",yáng liǔ
陰陰,"/v/ be shady, in full leaf",yīn yīn
鶯,/n/ golden oriole,yīng
玉門關,"/n/ ‘Jade Gate Pass’, a gateway in the Great Wall near Dunhuang; beyond it were the Eastern Turks",yù mén guān
霑,/v/ soak (usually with tears),zhān
轉,"/v/ turn, swing round",zhuǎn
安,"/v/ be calm, peaceful",ān
薄,"/v/ approach, be close to",bó
禪,"/n/ meditation (from Sanskrit dhyāna, gave Japanese zen)",chán
禪房,/n/ monks’ quarters behind temple,chán fáng
晨,/n/ morning,chén
毒,"/n/ poison; /v/ be poisonous, vicious",dú
房,/n/ room,fáng
峰,/n/ peak,fēng
積,/v/ accumulate,jī
寂,"/v/ be silent, still",jì
俱,/a/ all,jū
籟,/n/ sounds (of Nature),lài
暮,"/n/ evening, dusk",mù
磬,"/n/ chiming-bowl, a bowl-shaped bell used in Buddhist services (originally meant ‘stone chimes’)",qìng
曲,"/n/ curve, bend (of river etc)",qū
泉,"/n/ spring (of water), stream near source, upland burn",quán
數,"/q/ a number of, several",shù
通,"/v/ lead to, give access to",tōng
萬籟,/n/ all the sounds of Nature,wàn lài
危,/v/ precipitous,wēi
惟,/a/ only,wéi
性,/n/ (inborn) nature,xìng
咽,"/v/ sob, choke with sobs",yè
音,/n/ sound,yīn
悅,"/v/ delight, make happy",yué
制,"/v/ control, restrain",zhì
頁葉,/n/ palm-leaf,bèi yè
頁葉書,/n/ Buddhist text written in palm-leaf book,bèi yè shū
經,/n/ Scriptures,jīng
禪經,/n/ Buddhist Scriptures,chán jīng
超,"/v/ go beyond, transcend, transcendental",chāo
持,/v/ hold,chí
齒,/n/ teeth,chǐ
澹,/a/ tranquil,dàn
澹然,"/v/ be calm, tranquil",dàn rán
道,"/n/ way; (Taoist) the Tao, the way reality works; (Buddhist) doctrine",dào
道人,"/n/ one who has achieved enlightment, either Taoist or Buddhist",dào rén
東,/n/ east,dōng
讀,/v/ read,dú
服,/n/ clothes,fú
膏,"/n/ ointment, hair-oil; /v/ anoint",gāo
何由,/a/ by what means? how?,hé yóu
跡,"/n/ tracks; achievement, miracle, wonder",jī
汲,/v/ draw water (from well or stream),jí
冀,/v/ hope,jì
井,"/n/ a well, cistern (often relatively shallow like OT bě’ēr)",jǐng
了,/a/ at all (plus negative),liǎo
冥,"/v/ understand without explicit words, intuit",míng
沐,/v/ wash the hair,mù
取,"/v/ take, draw upon",qǔ
然,"/a/ thus, so; adjectival or adverbial ending (-‘ly’)",rán
繕,/v/ mend,shàn
世,"/n/ the world, the unenlightened",shì
書,/n/ writing; book; letter,shū
熟,"/v/ be ripe, mature, perfect",shú
漱,/v/ rinse,shù
說,/n/ theory,shuō
庭宇,"/n/ courtyards and buildings, outdoors and in",tíng yǔ
妄,"/v/ be vain, useless",wàng
無,/n/ (here =) nobody,wú
悟,"/v/ wake up, become aware, achieve satori",wù
言說,"/n/ talk, philosophizing, theorizing",yán shuō
遺,"/v/ to bequeath, hand down",yí
遺言,/n/ sayings handed down from ancient sages,yí yán
詣,/v/ visit (someone one respects),yì
由,/prep/ by means of,yóu
宇,/n/ building,yǔ
源,"/n/ source, spring",yuán
院,/n/ (here) monastery,yuàn
眞,"/v/ be true; /n/ one’s own inner truth, self-realization",zhēn
足,/v/ be sufficient; be content,zú
粲,"/v/ be bright, gleaming, brilliant",càn
策,/n/ staff,cè
嬋,/v/ be beautiful/graceful,chán
娟,/v/ be beautiful/graceful,juān
嬋娟,"/v/ be elegant, charming, lovely (of woman)",chán juān
法,"/n/ law, dharma",fǎ
根,"/n/ root, bottom",gēn
回回,/v/ be winding,huí huí
叫,"/v/ shout, call",jiào
淨,"/v/ be clean, pure",jìng
炯,"/v/ be bright, glowing",jiǒng
聚,"/v/ assemble, gather, cluster",jù
可數,"/v/ be countable, distinct",kě shǔ
勞,"/n/ labour, toil, exhaustion",láo
勞苦,"/n/ hard work, exhausting toil",láo kǔ
蒙,"/v/ cover, obscure",méng
甍,"/n/ ridge of roof, ridge-tiles",méng
勉強,/v/ do one’s best,miǎn qiǎng
破,/v/ break,pò
冉冉,"/v/ droop, hang limply",rǎn rǎn
傷,/v/ wound,shāng
神,/n/ spirit,shén
適,/v/ go to,shì
數,/v/ count,shǔ
他,/d/ other,tā
亭,/n/ pavillion; /v/ erect,tíng
亭午,/n/ high noon,tíng wǔ
籜,/n/ sheaths of bamboo-shoots,tuò
忘,/v/ forget,wàng
危,/v/ be in danger,wēi
午,/n/ noon,wǔ
蘚,/n/ moss,xiǎn
蕭,/v/ be desolate,xiāo
索,/v/ be lonely,suǒ
蕭,"/v/ be miserable, desolate",xiāo
索,/v/ be isolated,suǒ
蕭索,"/v/ be lonely and chilly, vulnerable",xiāo suǒ
泄,/v/ disintegrate,xiè
崖,/n/ cliff,yá
翳,/v/ be obscured,yì
牖,/n/ window,yǒu
終,/n/ end; /a/ in the end,zhōng
朱,"/v/ be red, vermillion",zhū
拄,/v/ lean on (a staff),zhǔ
規,"/n/ measuring compass; /v/ to plan, advise, arrange",guī
子規,/n/ cuckoo,zǐ guī
靄,"/n/ haze, light mist",ǎi
遍,"/m/ times, occasions",biàn
波濤,/n/ waves,bō táo
垂,/v/ hang,chuí
垂淚,"/v/ ‘have tears hanging down’, weep",chuí lèi
殿,/n/ worship-hall of a temple,diàn
逢,/v/ meet,féng
隔,"/prep/ on the other side of, through, across",gé
好,"/v/ like, admire",hào
鶴,/n/ crane,hè
壑,"/n/ valley, ravine",hè
回,/v/ look back,huí
昏,"/n/ dusk, twilight",hūn
界,"/n/ boundary, area within a boundary",jiè
鏡湖,"/n/ Mirror Lake, in a beauty spot just south of Shaoxing",jìng hú
苦海,/n/ sea of troubles or suffering,kǔ hǎi
老,"/v/ be old, aged",lǎo
平,"/v/ be calm, still",píng
容,"/v/ allow, be allowed to",róng
僧,/n/ Buddhist monk (from Sanskrit sangha),sēng
蛇,/n/ snake,shé
世界,/n/ world,shì jiè
曙,/n/ dawn,shù
莎,/n/ sedge,shō
濤,/n/ wave,táo
王,/n/ king,wáng
王城,"/n/ the royal city, the capital",wáng chéng
霞,/n/ coloured clouds or mists at sunrise or sunset,xiá
星漢,/n/ Milky Way,xīng hàn
依止,"/v/ find a refuge, stay somewhere depending on others",yī zhǐ
因,"/a/ then, next",yīn
螢,/n/ firefly,yíng
瞻,/v/ gaze into the distance,zhān
蜇,"/v/ hibernate, lie hidden",zhé
止,/v/ stop,zhǐ
參差,/v/ be uneven (in height),cēn cī
參,/n/ ginseng; /v/ to participate in,cān
差,/v/ to differ from,cī
場,"/n/ site, place, ceremonial site",cháng
蕩,/v/ to wash,dàng
澹蕩,"/v/ be relaxed, calm, free and easy",dàn dàng
島,/n/ island,dǎo
道場,/n/ Buddhist temple,dào cháng
菲,/v/ be fragrant,fēi
芳菲,/v/ be fragrant; /n/ fragrant blossoms,fāng fēi
宮,/n/ palace,gōng
恨,"/v/ be sad and annoyed, regret",hèn
回,/v/ turn around,huí
開,"/v/ open, bloom",kāi
空碧,"/n/ the azure void, the sky",kōng bì
蓮,"/n/ water-lily, lotus",lián
涼,/v/ be cool,liáng
盧,/v/ be black,lú
橘,/n/ tangarine/mandarin orange,jú
盧橘,/n/ cumquat,lú jú
覓,/v/ seek,mì
橈,/n/ oar; often used in verse to mean’boat’ by metonymy,náo
蓬萊,"/n/ Penglai, Isle of the Immortals in the Eastern Sea",péng lái
蓬,/n/ Fleabane; /a/ be dishevelled,péng
萊,/n/ name of weed plant,lái
請,"/v/ request, ask",qǐng
人間,"/a/ among people, in the (ordinary) world",rén jiān
盛,"/a/ fully, luxuriantly",shèng
始,"/a/ for the first time, only then",shǐ
首,/n/ head,shǒu
四,/q/ four,sì
桃,/n/ peach,táo
戰,/v/ tremble,zhàn
中央,"/n/ centre, middle",zhōng yāng
央,/n/ centre,yāng
重,/v/ be heavy,zhòng
轉,"/v/ transfer, shift",zhuǎn
子,/n/ (here) fruit,zǐ
棕,/n/ palm-tree,zōng
櫚,/n/ palm-tree,lǚ
棕櫚,/n/ palm-tree,zōng lǚ
愛,/v/ love,ài
曖曖,/v/ be dim in the dinstance,ài ài
八,/q/ eight,bā
本,"/a/ originally, basically",běn
辯,"/v/ explain, argue a case",biàn
草屋,/n/ thatched cottage,cǎo wū
塵,"/n/ dust, the conventional world",chén
塵網,"/n/ the worldly trap, the rat race",chén wǎng
池,/n/ pond,chí
巓,/n/ top,diān
而,/n/ but,ér
爾,"/v/ be thus, do this",ěr
樊,"/n/ fence, cage",fán
樊籠,/n/ cage,fán lóng
方,/v/ be square,fāng
吠,/v/ bark,fèi
狗,/n/ dog,gǒu
戶,/n/ door; household,hù
戶庭,/n/ indoors and out,hù tíng
荒,"/n/ waste land, wilderness",huāng
羈,"/v/ be trapped, caged, under restraint",jī
雞,/n/ cock,jī
間,/m/ space between two pillars as a measure of size of house,jiān
境,"/n/ area, distinct",jìng
九,/q/ nine,jiǔ
舊,"/v/ be old, original",jiù
菊,/n/ chrysanthemum,jú
開,"/v/ open up, cultivate for the first time",kāi
籬,/n/ fence,lí
李,/n/ plum,lǐ
里,/n/ village,lǐ
戀,/v/ yearn for,liàn
籠,/n/ cage,lóng
廬,"/n/ hut, cottage",lú
羅,/v/ spread over or across,luó
馬,/n/ horse,mǎ
畝,"/m/ mu, one-sixth of an acre",mǔ
偏,"/v/ be out-of-the-way, off the beaten track, quiet",piān
氣,"/n/ breath, air, (here) mist, vapour breathed out by the ground",qì
丘,"/n/ hill, mound",qiū
桑,/n/ mulberry,sāng
少,/v/ be young,shǎo
適,/v/ fit in with,shì
室,/n/ room,shì
守,"/v/ keep, preserve",shǒu
俗,"/n/ the common herd, conventional people",sú
堂,/n/ main reception-room opening on to steps down to courtyard,táng
庭,/n/ courtyard garden,tíng
網,/n/ net,wǎng
屋,/n/ house,wū
誤,/a/ by mistake,wù
巷,/n/ lane,xiàng
墟,/n/ market,xū
墟里,/n/ market-village,xū lǐ
喧,/n/ din,xuān
煙,/n/ smoke,yān
簷,/n/ eaves,yán
依依,"/v/ be clinging, rise slowly and lazily (of smoke)",yī yī
蔭,/v/ to shade,yīn
悠,/v/ be leisurely; long,yōu
悠然,"/v/ be far off, in the distance",yōu rán
有餘,"/v/ there is plenty of, more than enough",yǒu yú
餘,"/q/ (after numerical) -odd, -plus, and more",yú
榆,/n/ elm,yú
淵,/n/ deep pool (in river),yuān
韻,/n/ taste for,yùn
雜,/n/ din,zá
宅,/n/ smallholding property (house and land),zhái
拙,"/n/ simplicity, lack of sophistication",zhuō
自然,/n/ naturalness,zìrán
帶,/v/ to girdle,dài
斷續,/v/ (cease and continue = ) be intermittent,duàn xù
覆,/v/ to cover,fù
梗,/v/ to block,gěng
故,"/a/ since antiquity, all the time",gù
荒,"/v/ be wild,tangled; abandoned and overgrown",huāng
皇,"/n/ emperor, ruler",huáng
機,"/n/ machine, mechanical device",jī
機芯,"/n/ a acalculating mind, worldly cunning",jī xīn
寂歷,"/v/ be forlorn, desolate",jì lì
歷,/v/ to experience,lì
踐,/v/ tread on,jiàn
津,/n/ cliff,jīn
驚,"/v/ to alarm, startle",jīng
鹿,/n/ deer,lù
麋鹿,"/n/ Pére David’s deer, mílù",mí lù
杪,/n/ tip of a branch,miǎo
杪秋,"/n/ late autumn, the end of autumn",miǎo qiū
民,"/n/ people, subjects",mín
平津,/n/ steep-sided plateau,píng jīn
上皇,/n/ (legendary) earliest rulers,shàng huáng
疏,/v/ be sparse,shū
修,/v/ be tall,xiū
續,/v/ continue,xù
榛,/n/ thicket,zhēn
歷,/v/ to take place; to experience,lì
茅,/n/ rushes,máo
茨,/n/ thatch,cí
茅茨,/n/ thatched cottage,máo cí
薪,/n/ firewood,xīn
別,"/n/ separately, elsewhere (but ‘say goodbye’ in the first poem)",bié
船,/n/ boat,chuán
答,/v/ to reply,dá
當時,/n/ that time (in the past),dāng shí
蕩,/v/ to row,dàng
洞,/n/ cave,dòng
渡頭,/n/ ferry-landing,dù tóu
非,"/v/ is not, are not",fēi
老子,/n/ Lǎozǐ,lǎo zǐ
吏,/n/ an official,lì
攲,//v/ to lean,qī
橋,/n/ bridge,qiáo
曲,/n/ song,qū
三日,/n/ the Shangsi festival,sān rì
石磯,/n/ crag overhanging a river,shí jī
孫,"/n/ grandchild, descendent",sūn
昔,/n/ days gone by (anything from yesterday to antiquity!),xī
仙,/n/ an immortal,xiān
笑,"/v/ laugh, smile",xiào
歇,/v/ to pause for a rest,xiē
信,/v/ believe,xìn
尋,"/v/ seek, go to visit (not necessarily successfully!)",xún
杳然,"/a/ mysteriously, into secret depths",yǎor án
意,/n/ purpose,yì
隱隱,"/v/ be dimly seen, faint",yǐn yǐn
和,"/v/ together with, /n/ harmony, union",hè
永和,"/n/ ‘Everlasting Harmony’, the reign-period",yǒng hé
猶,"/a/ still, yet",yóu
余,"/n/ I, me",yú
園吏,"/n/ superintendent of parks, gardens and orchards",yuán lì
直,/a/ all the way,zhí
株,"/n/ tree-trunk, measure-word for trees",zhū
莊,"/n/ estate, villa",zhuāng
欸乃,(onomatopoeia) creak-creak! (sound of oars),ǎi nǎi
欸,sigh; exclamation Eh!,ǎi
楚,"/n/ an ancient state, the Sinicized area south of the Yangtse, centred on present-day Hubei province",chǔ
斗,/n/ peck-measure,dǒu
竿,"/n/ pole, fishing-rod",gān
迴,/v/ turn around,huí
際,/n/ edge; /v/ be on the edge of,jì
口,/n/ mouth,kǒu
瀰,/n/ be brimming or overflowing,mì
漫,"/n/ be free, unrestarined",màn
瀰漫,"/v/ be hazy, vague, obscure, uncertain",mí màn
南斗,/n/ Southern Dipper constellation (part of Sagittarius),nán dǒu
偶,/v/ meet by chance,ǒu
且,/a/ in fact,qiě
燃,"/v/ burn; ignite, to light",rán
溶溶,/v/ swirl and merge,róng róng
叟,/n/ old man,sǒu
爲,"/v/ be, become",wéi
湘,/n/ the river Xiang in Hunan province,xiāng
銷,"/v/ melt away, disperse, vanish",xiāo
巖,/n/ cliff,yán
漁,/n/ fishing,yú
中流,/n/ midstream,zhōng liú
轉,"/v/ turn, turn into",zhuǎn
遍,"/v/ be everywhere on, cover",biàn
並,/v/ stand side by side,bìng
殘,"/v/ be remnant, dying",cán
叢,"/n/ clump, cluster",cóng
分,/v/ distinguish,fēn
負,"/v/ turn one’s back on, betray",fù
負言,/VO/ go back on one’s word,fù yán
鄰並,/n2/ neighbour,lín bìng
鳴,"/v/ cry (of animals and birds), make a sound",míng
蓬,/n/ tumbleweed,péng
敲,/v/ knock (on door),qiāo
侵,"/v/ invade, be immersed in",qīn
桐,/n/ paulownia-tree lute-tree,tóng
先,"/a/ first, in advance",xiān
移,"/v/ shift, move",yí
擁,"/v/ hug, hold tight",yōng
墜,/n/ to fall,zhuì
暗,/v/ be dark,àn
白石,"/n/ white stones, supposed food of Taoist hermits",bái shí
閉,"/v/ to close, close off",bì
底,/n/ bottom,dǐ
忽,/a/ suddenly,hū
急,"/v/ be swift, hurried",jí
集,/v/ assemble,jí
澗,/n/ ravine,jiàn
荊,/n/ thorn-bush,jīng
經,/v/ pass through,jīng
郡,"/n/ prefecture, prefecture office, yamen",jùn
露,/v/ reveal (N.B. same character as for lù ‘dew’),lòu
履,/n/ shoes,lǚ
莓,/n/ berry,méi
莓苔,/n/ moss,méi téi
念,/v/ think of,niàn
瓢,/n/ ladle; /m/ ladlefull,piáo
樵,/n/ woodcutter,qiáo
樵客,/n/ woodcutter,qiáo kè
識,/v/ recognise,shì
束,/n/ bundle; /v/ to bundle up,shù
慰,"/v/ to comfort, cheer up",wèi
薪,/n/ firewood,xīn
意,"/n/ mind, state of mind, consciousness",yì
煮,"/v/ to cook, boil",zhǔ
渚,/n/ islet in river,zhǔ
住,/n/ host,zhù
主人,/n/ host,zhǔ rén
案,/n/ table,àn
必,"/a/ necessarily, must",bì
賓,/n/ guest,bīn
差池,"/a/ by mistake, through miscalculation",chā chí
柴,"/n/ firewood, rough timber",chái
車,/n/ vehicle,chē
蕩,"/v/ wash, cleanse",dàng
耳,/n/ ear,ěr
非,/v/ is not,fēi
關,"/n/ barrier, door",guān
何必,/a/ why must? no need to,hé bì
及,"/v/reach, arrive at",jí
几,/n/ small table (modern jī),jǐ
巾,"/n/ cloth, covering, awning",jīn
巾柴車,/n/ a rough cart with an awning (reference to Tao Yuanming in retirement),jīn chái chē
空,/a/ in vain,kōng
叩,/v/ knock,kòu
窺,/v/ peep,kuī
理,"/n/ princple, essence, truth",lǐ
茅茨,/n/ thatch; thatched cottage,máo cí
勉,/v/ to make an efort; to exhort,miǎn
黽勉,/v/ make strenuous efforts,miǎn miǎn
頗,"/a/ very much, quite a bit",pō
僕,/n/ servant,pú
契,"/v/ feel in tune with, be in harmony with",qì
清淨,/n/ inner peace,qīng jìng
若,/a/ if,ruò
雖,"/a/ although, even though",suī
僮,/n/ servant-boy,tóng
僮僕,/n/ servant-boy,tóng pú
新,/v/ be new,xīn
興,"/n/ interest, heightened mood",xìng
仰,/v/ look up (to),yǎng
仰止,"/v/ pay one’s respects to, call on (a superior)",yǎng zhǐ
幽絕,/n/ superbly secluded and peaceful place,yōu jué
之子,/n/ this gentleman (in earliest verse: this lady),zhīzǐ
茲,/n/ this; here,zī
抱,/v/ to embrace; /m/ a double armful,bào
菜,"/v/ gather, pluck",cài
悵望,/n/ yearning,chàng wàng
蘅,/n/ wild ginger,héng
杜蘅,/n/ wild ginger,dù héng
繁華,/n/ glory (of flowers),fán huá
芙,/n/ hibiscus,fú
蓉,/n/ hibiscus,róng
芙蓉,"/n/ water-lily, lotus",fú róng
感,/v/ be upset about,gǎn
貢,/v/ send as a gift,gòng
顧,/v/ look back,gù
浩浩,/v/ be without limit,hào hào
何所,/a/ how,hé suǒ
何足,/a v/ is not worth …ing,hé zú
華,/n/ blossom,huá
懷,/n/ bosom; /v/ hold in one’s bosom,huái
懷抱,"/n/ a hug, an embrace",huái bào
還,/v/ turn the head,huán
會,/a/ soon,huì
將,"/a/ going to, will",jiāng
經時,/VO/ to last a long time,jīng shí
槁,/v/ be dried up,gǎo
枯槁,"/v/ wither, fade",kū gǎo
蕙,/n/ type of orchid,huì
蘭蕙,/n/ kind of orchid,lán huì
慢,"/v/ go on and on, extend",màn
莫,/a/ cannot,mò
葩,/n/ flower,pā
奇,"/v/ be wonderful, outstanding",qí
其,"/d/ his, her, its, their; the",qí
榮,"/n/ bright blossom, splendour",róng
涉,/v/ wade across,shè
樹,/v/ to plant,shù
送,/v/ send,sòng
條,"/n/ twig, branch",tiáo
遺,/v/ give (same character as yí),wèi
新,"/a/ newly, recently",xīn
馨,/a/ fragrant,xīn
馨香,/n/ fragrence,xīn xiāng
袖,/n/ sleeve,xiù
以,/v/ use; /prep/ by means of; sign of direct object (see notes); (in second poem) thus (metrical padding),yǐ
易,"/v/ is easy to, will soon",yì
用,/v/ use,yòng
憂,/n/ to worry,yōu
憂傷,/v/ be grief-stricken,yōu shāng
雜,/a/ mixed among them,zá
澤,"/n/ marsh, low-lyoing land",zé
折,/v/ snap off,zhé
致,"/v/ cause to arrive, send",zhì
終老,"/a/ to the end of old age, all my life long",zhōng lǎo
終朝,/a/ all day long,zhōng zhāo
滋,"/v/ to overflow, be profuse",zī
穿,/v/ to burst through,chuān
閣,"/n/ balcony, prospect-place on high building",gé
黃昏,/n/ dusk,huáng hūn
暉,/n/ sunlight,huī
火,/n/ fire,huǒ
寞,/v/ be lonely,mò
寂寞,/v/ be lonely,jì mò
接,/v/ make contact with,jiē
竟,/a/ finally,jìng
枯,"/v/ wither, fade",kū
梨,/n/ pear,lí
離離,"/v/ be lush, luxuriant",lí lí
陌,/n/ path (raised),mò
萋萋,"/v/ be lush, luxuriant",qī qī
忍,/v/ can bear to,rěn
仍,"/a/ still, yet",réng
榮,/v/ flourish,róng
掃,/v/ sweep,sǎo
紗,/n/ silk gauze,shā
燒,/v/ burn,shāo
歲,/n/ year,suì
遞,/v/ to hand over; to substitute,dì
迢遞,/v/ be distant,tiáo dì
王孫,/n/ (descendant of kings = ) ‘my prince’,wáng sūn
眼,/n/ eye,yǎn
原,"/n/ a plain, prairie",yuán
寶,/v/ be precious,bǎo
寸,/m/ inch,cùn
寸寸,"/m/ every inch, inch by inch",cùn cùn
帶,/n/ belt,dài
杜宇,/N/ cuckoo,dù yǔ
短,/v/ be short,duǎn
斷魂,/VO/ to break one’s heart,duàn hún
翻,"/a/ however, but < turn over",fān
繁,/v/ bloom profusely,fán
粉,/n/ face-powder,fěn
館,/n/ inn; residence,guǎn
紅,/n/ pink blossom,hóng
候館,/n/ prospect-tower,hou guǎn
胡蝶,/n/ butterfly,hú dié
緩,/v/ be slack,huǎn
魂,"/n/ spirit, sky-soul",hún
薺菜,/n/ shepherd’s purse,jì cài
近,/v/ be close (to),jìn
闌,"/n/ balustrade, balcony-rail",lán
奩,/n/ (toilet case =) mirror (therein),lián
梅,"/n/ prunus, ornamental plum",méi
木蘭,/n/ magnolia,mù lán
暖,/v/ be warm,nuǎn
轡,/n/ bridle,pèi
平蕪,"/n/ a plain, prairie",píng wú
欺,/v/ deceive,qī
柔,"/v/ be soft, tender",róu
試,/v/ try -ing [to try?],shì
迢迢,/v/ be distant,tiáo tiáo
無窮,/v/ be endless,wú qióng
薰,/v/ be fragrant,xūn
盈盈,"/v/ be full, brimming over",yíng yíng
游,"/v/ swim, float",yóu
游絲,/n/ (floating threads = gossamer =) hair,yóu sī
征,"/n/ journey, expedition",zhēng
逼,"/n/ to crowd, press against",bī
側,"/n/ side /a/ sideways, to one side",cè
巢,/v/ to nest,cháo
池潢,/n/ ponds,chí huáng
重,/v/ extend range upon range (of mountains to be crossed); 重深 chóng shēn ‘many-layered [mountains] and deep [rivers]’,chóng
翠鳥,/n/ kingfisher,cuì niǎo
冬,/n/ winter,dōng
患,/v/ to worry about,huàn
嘉,"/v/ be excellent, honoured",jiā
薦,/v/ to present to,jiàn
矯矯,"/v/ be elevated, outstanding, above the common herd",jiǎo jiǎo
潔,"/v/ be pure, unsullied",jié
節,/n/ season,jié
橘,/n/ orange or related citrus fruit,jú
懼,/n/ fear,jù
慕,/v/ set one’s heart upon,mù
奈,/n/ how can one help (rhetorical),nài
奈何,"/VA/ (literally ‘do-about-it what’, ‘What can i do about it?’, i.e. ‘I can do nothing about it’) unfortunately, alas",nài hé
求,"/v/ want, hope for, try to obtain",qiú
丸,"/n/ pellet, ball; 金丸 jīn wán ‘metal pellet’ is a cross-bow (stone-bow) pellet",wán
葳蕤,/v/ be luxuriant (of foliage),wēi ruí
惡,/v/ hate,wù
欣欣,"/v/ be vigorous, lively",xīn xīn
循,/v/ to follow,xún
環,/n/ ring; /v/ surround,huán
循環,"/n/ cyclical movement, fortune’s wheel",xún huán
伊,/v/ be because,yī
弋,/v/ shoot (birds with captive arrow),yì
遇,"/v/ meets, encounters, come across",yù
命,/n/ order/command,mìng
運命,"/n/ fate, one’s lot, literally ‘rotating command (of Heaven)’, cf. 循環 xún huán above",yùn mìng
珍,"/n/ treasure, precious object",zhēn
指,/v/ point at,zhǐ
阻,"/v/ impede, obstruct",zǔ
拔,/v/ pluck up or out,bá
蒼鷹,/n/ goshawk,cāng yīng
蒼,/v/ dark blue/green,cāng
滄,/v/ blue ( a spelling of 蒼 applied to the sea),cāng
遲,"/v/ be late, tardy, slow",chí
掣,"/v/ move suddenly, flash (of lightning)",chì
詞,"/n/ song, song-style poem",cí
摧,"/v/ break; 自摧 feel shattered, downcast, feel low self-esteem",cuī
點,/n/ dot; /v/ to dot,diǎn
電,/n/ lightning,diàn
翻,"/v/ turn over, turn in flight",fān
行,"/n/ row, line, skein (of geese) (same character as xíng)",háng
翮,/n/ flight-feathers,hé
虹,/n/ rainbow,hóng
霓,/n/ secondary-rainbow,ní
虹霓,/n/ rainbow,hóng ní
呼,"/v/ call, shout",hū
狐,/n/ fox,hú
砉,/n/ swish,huò
砉然,/v/ with a swish,huò rán
擊,/v/ strike,jī
昂,/v/ to lift; to be high; /n/ high spirits,áng
激,/v/ be fierce,jī
激昂,"/v/ be fierce, self-assertive, proud",jī áng
假,"/n/ leisure, freedom, 爲假 be free, unconstrained",jiǎ
剪,"/v/ cut, scythe through",jiǎn
棘,/n/ thorns,jí
荊棘,/n/ thorns and brambles,jīng jí
勁,"/v/ be energetic, vigorous",jìng
攫,/v/ seize in the claws,jué
累,"/n/ trammels, restraints, burdens",léi
狸,/n/ wild cat,li
立,/v/ stand,lì
裂,"/v/ rip, rend, tear",liè
毛,"/n/ small feathers, down; fur",máo
苗,/n/ rice-shoots,miáo
鷗,/n/ seagull,ōu
披,/v/ split,pī
霹,/n/ thunderclap,pī
靂,/n/ thunderclap,lì
霹靂,/n/ thunderclap,pī lì
飄,/v/ float,piāo
淒,/v/ chilly,qī
且,/c/ and,qiě
卻,"/v/ turn, change course",què
群,"/n/ flock, crowd",qún
饒,"/v/ indulge, not constrain; 自饒 do as one pleases",ráo
任,"/v/ allow, not resist; 一任 let oneself go completely",rèn
溽,"/v/ humid, close, muggy",rù
傷,"/v/ wound, be wounded in spirit, distressed",shāng
商,"/n/ the musical note ‘re’, associated with autumn; the attributes of autumn, such as refreshing winds and high, clear skies",shāng
捎,"/v/ skim, brush across the top of",shāo
失,/v/ lose; (here) those he has lost,shī
逝,"/v/ depart, flee",shì
暑,/n/ summer heat,shǔ
鼠,/n/ rodent,shǔ
塘,/n/ pond,táng
騰,"/v/ ascend, rise",téng
脫,"/v/ come off, moult",tuō
吻,"/n/ mouth (of animal), beak (of bird)",wěn
淅,/n/ sound of rain,xī
瀝,/n/ drip,lì
淅瀝,"/v/ to sough with a thin, high note",xī lì
戲,/v/ play,xì
翔,"/v/ wheel, circle (of a bird)",xiáng
蕭蕭,/v/ utter desolate cries,xiāo xiāo
血,/n/ blood/,xuè
嚴,"/v/ be stern, severe",yán
炎,/v/ be scorching hot,yán
鷹,/n/ hawk,yīng
羽,/n/ feathers; wings,yǔ
翼,/n/ feathers; wings,yì
浴,/v/ bathe,yù
矰,/n/ arrow with streamer,zēng
繳,/n/ silk string tied to an arrow for shooting birds,zhuó
矰繳,/n2/ captive arrow and the silk line attached to it,zēng zhuó
爪,/n/ claw,zhǎo
岡,/n/ ridge/mound,gāng